;1501;1502;1503;1504;1505;1506;Сл.пом;Сл.пом;1508;1509;1510;1511;1512;1513;1514-1;1514-2;1515;1516;1517;1518;1519;1520;1521;1522;сл.пом;1523;1524;1525-1;1525-2;1526;1527-1;1527-2;1528;1529;1530;1531;1532;1533;1534;1535;1536;1537;1538;Туалет;1539;1540;1541;1542;1543;1544;1545;1546;1547;1548;1549;1550;Лифт для препод.;Гл. Лестница;1551;1552;1553;1601;1602;1603;1604;1605;1606;1607;1608
1501;99999;16;23;99999;99999;99999;99999;99999;99999;99999;99999;99999;99999;99999;99999;99999;99999;99999;99999;99999;1;99999;99999;99999;99999;99999;99999;99999;99999;99999;99999;99999;99999;99999;99999;99999;99999;99999;99999;99999;99999;99999;99999;99999;99999;99999;99999;99999;99999;99999;99999;99999;99999;99999;99999;99999;99999;99999;99999;99999;99999;99999;99999;99999;99999;99999;99999;99999;99999
1502;16;99999;7;11;99999;99999;99999;99999;99999;99999;99999;99999;99999;99999;99999;99999;99999;99999;99999;99999;16;99999;99999;99999;99999;99999;99999;99999;99999;99999;99999;99999;99999;99999;99999;99999;99999;99999;99999;99999;99999;99999;99999;99999;99999;99999;99999;99999;99999;99999;99999;99999;99999;99999;99999;99999;99999;99999;99999;99999;99999;99999;99999;99999;99999;99999;99999;99999;99999
1503;23;7;99999;4;99999;99999;99999;99999;99999;99999;99999;99999;99999;99999;99999;99999;99999;99999;99999;99999;99999;99999;99999;99999;99999;99999;99999;99999;99999;99999;99999;99999;99999;99999;99999;99999;99999;99999;99999;99999;99999;99999;99999;99999;99999;99999;99999;99999;99999;99999;99999;99999;99999;99999;99999;99999;99999;99999;99999;99999;99999;99999;99999;99999;99999;99999;99999;99999;99999
Лестница;99999;99999;1;3;99999;99999;99999;99999;99999;99999;99999;99999;99999;99999;99999;99999;99999;99999;99999;99999;99999;99999;99999;99999;99999;99999;99999;99999;99999;99999;99999;99999;99999;99999;99999;99999;99999;99999;99999;99999;99999;99999;99999;99999;99999;99999;99999;99999;99999;99999;99999;99999;99999;99999;99999;99999;99999;99999;99999;99999;99999;99999;99999;99999;99999;99999;99999;99999;99999
1504;99999;11;4;99999;5;99999;99999;99999;99999;99999;99999;99999;99999;99999;99999;99999;99999;99999;99999;99999;99999;99999;99999;99999;99999;99999;99999;99999;99999;99999;99999;99999;99999;99999;99999;99999;99999;99999;99999;99999;99999;99999;99999;99999;99999;99999;99999;99999;99999;99999;99999;99999;99999;99999;99999;99999;99999;99999;99999;99999;99999;99999;99999;99999;99999;99999;99999;99999;99999
1505;99999;99999;99999;5;99999;5;99999;99999;99999;99999;99999;99999;99999;99999;99999;99999;99999;99999;99999;99999;99999;99999;99999;99999;99999;99999;99999;99999;99999;99999;99999;99999;99999;99999;99999;99999;99999;99999;99999;99999;99999;99999;99999;99999;99999;99999;99999;99999;99999;99999;99999;99999;99999;99999;99999;99999;99999;99999;99999;99999;99999;99999;99999;99999;99999;99999;99999;99999;99999
1506;99999;99999;99999;99999;5;99999;5;99999;99999;99999;99999;99999;99999;99999;99999;99999;99999;99999;99999;99999;99999;99999;99999;99999;99999;99999;99999;99999;99999;99999;99999;99999;99999;99999;99999;99999;99999;99999;99999;99999;99999;99999;99999;99999;99999;99999;99999;99999;99999;99999;99999;99999;99999;99999;99999;99999;99999;99999;99999;99999;99999;99999;99999;99999;99999;99999;99999;99999;99999
Сл.пом;99999;99999;99999;99999;99999;5;99999;1;99999;99999;99999;99999;99999;99999;99999;99999;99999;99999;99999;99999;99999;99999;99999;99999;99999;99999;99999;99999;99999;99999;99999;99999;99999;99999;99999;99999;99999;99999;99999;99999;99999;99999;99999;99999;99999;99999;99999;99999;99999;99999;99999;99999;99999;99999;99999;99999;99999;99999;99999;99999;99999;99999;99999;99999;99999;99999;99999;99999;99999
Сл.пом;99999;99999;99999;99999;99999;99999;1;99999;99999;6;99999;7;99999;99999;99999;99999;99999;99999;99999;99999;99999;99999;99999;99999;99999;99999;99999;99999;99999;99999;99999;99999;99999;99999;99999;99999;99999;99999;99999;99999;99999;99999;99999;99999;99999;99999;99999;99999;99999;99999;99999;99999;99999;99999;99999;99999;99999;99999;99999;99999;99999;99999;99999;99999;99999;99999;99999;99999;99999
1508;99999;99999;99999;99999;99999;99999;99999;99999;99999;2;1;99999;99999;99999;99999;99999;99999;99999;99999;99999;99999;99999;99999;99999;99999;99999;99999;99999;99999;99999;99999;99999;99999;99999;99999;99999;99999;99999;99999;99999;99999;99999;99999;99999;99999;99999;99999;99999;99999;99999;99999;99999;99999;99999;99999;99999;99999;99999;99999;99999;99999;99999;99999;99999;99999;99999;99999;99999;99999
1509;99999;99999;99999;99999;99999;99999;99999;99999;99999;99999;1;99999;99999;99999;99999;99999;99999;99999;99999;99999;99999;99999;99999;99999;99999;99999;99999;99999;99999;99999;99999;99999;99999;99999;99999;99999;99999;99999;99999;99999;99999;99999;99999;99999;99999;99999;99999;99999;99999;99999;99999;99999;99999;99999;99999;99999;99999;99999;99999;99999;99999;99999;99999;99999;99999;99999;99999;99999;99999
1510;99999;99999;99999;99999;99999;99999;99999;99999;99999;99999;99999;99999;99999;99999;99999;99999;99999;99999;99999;99999;99999;99999;99999;99999;99999;99999;99999;99999;99999;99999;99999;99999;99999;99999;99999;99999;99999;99999;99999;99999;99999;99999;99999;99999;99999;99999;99999;99999;99999;99999;99999;99999;99999;99999;99999;99999;99999;99999;99999;99999;99999;99999;99999;99999;99999;99999;99999;99999;99999
1511;99999;99999;99999;99999;99999;99999;99999;99999;99999;99999;1;99999;1;99999;99999;99999;99999;99999;99999;99999;99999;99999;99999;99999;99999;99999;99999;99999;99999;99999;99999;99999;99999;99999;99999;99999;99999;99999;99999;99999;99999;99999;99999;99999;99999;99999;99999;99999;99999;99999;99999;99999;99999;99999;99999;99999;99999;99999;99999;99999;99999;99999;99999;99999;99999;99999;99999;99999;99999
1512;99999;99999;99999;99999;99999;99999;99999;99999;99999;99999;99999;1;99999;9;99999;99999;99999;99999;99999;99999;99999;99999;99999;99999;99999;99999;99999;99999;99999;99999;99999;99999;99999;99999;99999;99999;99999;99999;99999;99999;99999;99999;99999;99999;99999;99999;99999;99999;99999;99999;99999;99999;99999;99999;99999;99999;99999;99999;99999;99999;99999;99999;99999;99999;99999;99999;99999;99999;99999
1513;99999;99999;99999;99999;99999;99999;99999;99999;99999;99999;99999;99999;9;99999;3;99999;99999;99999;99999;99999;99999;99999;99999;99999;99999;99999;99999;99999;99999;99999;99999;99999;99999;99999;99999;99999;99999;99999;99999;99999;99999;99999;99999;99999;99999;99999;99999;99999;99999;99999;99999;99999;99999;99999;99999;99999;99999;99999;99999;99999;99999;99999;99999;99999;99999;99999;99999;99999;99999
1514-1;99999;99999;99999;99999;99999;99999;99999;99999;99999;99999;99999;99999;99999;3;99999;3;99999;99999;99999;99999;99999;99999;99999;99999;99999;99999;99999;99999;99999;99999;99999;99999;99999;99999;99999;99999;99999;99999;99999;99999;99999;99999;99999;99999;99999;99999;99999;99999;99999;99999;99999;99999;99999;99999;99999;99999;99999;99999;99999;99999;99999;99999;99999;99999;99999;99999;99999;99999;99999
1514-2;99999;99999;99999;99999;99999;99999;99999;99999;99999;99999;99999;99999;99999;99999;3;99999;7;99999;99999;99999;99999;99999;99999;99999;99999;99999;99999;99999;99999;99999;99999;99999;99999;99999;99999;99999;99999;99999;99999;99999;99999;99999;99999;99999;99999;99999;99999;99999;99999;99999;99999;99999;99999;99999;99999;99999;99999;99999;99999;99999;99999;99999;99999;99999;99999;99999;99999;99999;99999
1515;99999;99999;99999;99999;99999;99999;99999;99999;99999;99999;99999;99999;99999;99999;99999;7;99999;3;99999;99999;99999;99999;99999;99999;99999;99999;99999;99999;99999;99999;99999;99999;99999;99999;99999;99999;99999;99999;99999;99999;99999;99999;99999;99999;99999;99999;99999;99999;99999;99999;99999;99999;99999;99999;99999;99999;99999;99999;99999;99999;99999;99999;99999;99999;99999;99999;99999;99999;99999
1516;99999;99999;99999;99999;99999;99999;99999;99999;99999;99999;99999;99999;99999;99999;99999;99999;3;99999;1;99999;99999;99999;99999;99999;99999;99999;99999;99999;99999;99999;99999;99999;99999;99999;99999;99999;99999;99999;99999;99999;99999;99999;99999;99999;99999;99999;99999;99999;99999;99999;99999;99999;99999;99999;99999;99999;99999;99999;99999;99999;99999;99999;99999;99999;99999;99999;99999;99999;99999
1517;99999;99999;99999;99999;99999;99999;99999;99999;99999;99999;99999;99999;99999;99999;99999;99999;99999;1;99999;7;99999;99999;99999;99999;99999;99999;99999;99999;99999;99999;99999;99999;99999;99999;99999;99999;99999;99999;99999;99999;99999;99999;99999;99999;99999;99999;99999;99999;99999;99999;99999;99999;99999;99999;99999;99999;99999;99999;99999;99999;99999;99999;99999;99999;99999;99999;99999;99999;99999
1518;99999;99999;99999;99999;99999;99999;99999;99999;99999;99999;99999;99999;99999;99999;99999;99999;99999;99999;7;99999;99999;99999;99999;99999;99999;99999;99999;99999;99999;99999;99999;99999;99999;99999;99999;99999;99999;99999;99999;99999;99999;99999;99999;99999;99999;99999;99999;99999;99999;99999;99999;99999;99999;99999;99999;99999;99999;99999;99999;99999;99999;99999;99999;99999;99999;99999;99999;99999;99999
1519;1;16;99999;99999;99999;99999;99999;99999;99999;99999;99999;99999;99999;99999;99999;99999;99999;99999;99999;99999;99999;2;99999;99999;99999;99999;99999;99999;99999;99999;99999;99999;99999;99999;99999;99999;99999;99999;99999;99999;99999;99999;99999;99999;99999;99999;99999;99999;99999;99999;99999;99999;99999;99999;99999;99999;99999;99999;99999;99999;99999;99999;99999;99999;99999;99999;99999;99999;99999
1520;99999;99999;99999;99999;99999;99999;99999;99999;99999;99999;99999;99999;99999;99999;99999;99999;99999;99999;99999;99999;2;99999;99999;99999;99999;99999;99999;99999;99999;99999;99999;99999;99999;99999;99999;99999;99999;99999;99999;99999;99999;99999;99999;99999;99999;99999;99999;99999;99999;99999;99999;99999;99999;99999;99999;99999;99999;99999;99999;99999;7;99999;99999;99999;99999;99999;99999;99999;99999
1521;99999;99999;99999;99999;99999;99999;99999;99999;99999;99999;99999;99999;99999;99999;99999;99999;99999;99999;1;99999;99999;99999;99999;5;99999;99999;99999;99999;99999;99999;99999;99999;99999;99999;99999;99999;99999;99999;99999;99999;99999;99999;99999;99999;99999;99999;99999;99999;99999;99999;99999;99999;99999;99999;99999;99999;99999;99999;99999;99999;99999;99999;99999;99999;99999;99999;99999;99999;99999
1522;99999;99999;99999;99999;99999;99999;99999;99999;99999;99999;99999;99999;99999;99999;99999;99999;99999;99999;99999;99999;99999;99999;5;99999;5;99999;99999;99999;99999;99999;99999;99999;99999;99999;99999;99999;99999;99999;99999;99999;99999;99999;99999;99999;99999;99999;99999;99999;99999;99999;99999;99999;99999;99999;99999;99999;99999;99999;99999;99999;99999;99999;99999;99999;99999;99999;99999;99999;99999
Сл.пом;99999;99999;99999;99999;99999;99999;99999;99999;99999;99999;99999;99999;99999;99999;99999;99999;99999;99999;99999;99999;99999;99999;99999;5;99999;6;99999;99999;99999;99999;99999;99999;99999;99999;99999;99999;99999;99999;99999;99999;99999;99999;99999;99999;99999;99999;99999;99999;99999;99999;99999;99999;99999;99999;99999;99999;99999;99999;99999;99999;99999;99999;99999;99999;99999;99999;99999;99999;99999
1523;99999;99999;99999;99999;99999;99999;99999;99999;99999;99999;99999;99999;99999;99999;99999;99999;99999;99999;99999;99999;99999;99999;99999;99999;6;99999;4;99999;99999;99999;99999;99999;99999;99999;99999;99999;99999;99999;99999;99999;99999;99999;99999;99999;99999;99999;99999;99999;99999;99999;99999;99999;99999;99999;99999;99999;99999;99999;99999;99999;99999;99999;99999;99999;99999;99999;99999;99999;99999
1524;99999;99999;99999;99999;99999;99999;99999;99999;99999;99999;99999;99999;99999;99999;99999;99999;99999;99999;99999;99999;99999;99999;99999;99999;99999;4;99999;99999;99999;99999;99999;99999;99999;6;99999;99999;99999;99999;99999;99999;99999;99999;99999;99999;99999;99999;99999;99999;99999;99999;99999;99999;99999;99999;99999;99999;99999;99999;99999;99999;99999;99999;99999;99999;99999;99999;99999;99999;99999
1525-1;99999;99999;99999;99999;99999;99999;99999;99999;99999;99999;99999;99999;99999;99999;99999;99999;99999;99999;99999;99999;99999;99999;99999;99999;99999;99999;99999;99999;5;99999;99999;99999;5;99999;99999;99999;99999;99999;99999;99999;99999;99999;99999;99999;99999;99999;99999;99999;99999;99999;99999;99999;99999;99999;99999;99999;99999;99999;99999;99999;99999;99999;99999;99999;99999;99999;99999;99999;99999
1525-2;99999;99999;99999;99999;99999;99999;99999;99999;99999;99999;99999;99999;99999;99999;99999;99999;99999;99999;99999;99999;99999;99999;99999;99999;99999;99999;99999;5;99999;2;99999;2;1;99999;99999;99999;99999;99999;99999;99999;99999;99999;99999;99999;99999;99999;99999;99999;99999;99999;99999;99999;99999;99999;99999;99999;99999;99999;99999;99999;99999;99999;99999;99999;99999;99999;99999;99999;99999
1526;99999;99999;99999;99999;99999;99999;99999;99999;99999;99999;99999;99999;99999;99999;99999;99999;99999;99999;99999;99999;99999;99999;99999;99999;99999;99999;99999;99999;2;99999;1;3;99999;99999;99999;99999;99999;99999;99999;99999;99999;99999;99999;99999;99999;99999;99999;99999;99999;99999;99999;99999;99999;99999;99999;99999;99999;99999;99999;99999;99999;99999;99999;99999;99999;99999;99999;99999;99999
1527-1;99999;99999;99999;99999;99999;99999;99999;99999;99999;99999;99999;99999;99999;99999;99999;99999;99999;99999;99999;99999;99999;99999;99999;99999;99999;99999;99999;99999;99999;1;99999;4;99999;99999;99999;99999;99999;99999;99999;99999;99999;99999;99999;99999;99999;99999;99999;99999;99999;99999;99999;99999;99999;99999;3;5;99999;99999;99999;99999;99999;99999;99999;99999;99999;99999;99999;99999;99999
1527-2;99999;99999;99999;99999;99999;99999;99999;99999;99999;99999;99999;99999;99999;99999;99999;99999;99999;99999;99999;99999;99999;99999;99999;99999;99999;99999;99999;99999;2;3;4;99999;2;99999;99999;99999;99999;99999;99999;99999;99999;99999;99999;99999;99999;99999;99999;99999;99999;99999;99999;99999;99999;99999;99999;99999;99999;99999;99999;99999;99999;99999;99999;99999;99999;99999;99999;99999;99999
1528;99999;99999;99999;99999;99999;99999;99999;99999;99999;99999;99999;99999;99999;99999;99999;99999;99999;99999;99999;99999;99999;99999;99999;99999;99999;99999;99999;5;1;99999;99999;2;99999;99999;99999;99999;99999;99999;99999;99999;99999;99999;99999;99999;99999;99999;99999;99999;99999;99999;99999;99999;99999;99999;99999;99999;99999;99999;99999;99999;99999;99999;99999;99999;99999;99999;99999;99999;99999
1529;99999;99999;99999;99999;99999;99999;99999;99999;99999;99999;99999;99999;99999;99999;99999;99999;99999;99999;99999;99999;99999;99999;99999;99999;99999;99999;6;6;99999;99999;99999;99999;99999;99999;7;99999;99999;99999;99999;99999;99999;99999;99999;99999;99999;99999;99999;99999;99999;99999;99999;99999;99999;99999;99999;99999;99999;99999;99999;99999;99999;99999;99999;99999;99999;99999;99999;99999;99999
1530;99999;99999;99999;99999;99999;99999;99999;99999;99999;99999;99999;99999;99999;99999;99999;99999;99999;99999;99999;99999;99999;99999;99999;99999;99999;99999;99999;99999;99999;99999;99999;99999;99999;7;99999;3;99999;99999;99999;99999;99999;99999;99999;99999;99999;99999;99999;99999;99999;99999;99999;99999;99999;99999;99999;99999;99999;99999;99999;99999;99999;99999;99999;99999;99999;99999;99999;99999;99999
1531;99999;99999;99999;99999;99999;99999;99999;99999;99999;99999;99999;99999;99999;99999;99999;99999;99999;99999;99999;99999;99999;99999;99999;99999;99999;99999;99999;99999;99999;99999;99999;99999;99999;99999;3;99999;3;99999;99999;99999;99999;99999;99999;99999;99999;99999;99999;99999;99999;99999;99999;99999;99999;99999;99999;99999;99999;99999;99999;99999;99999;99999;99999;99999;99999;99999;99999;99999;99999
1532;99999;99999;99999;99999;99999;99999;99999;99999;99999;99999;99999;99999;99999;99999;99999;99999;99999;99999;99999;99999;99999;99999;99999;99999;99999;99999;99999;99999;99999;99999;99999;99999;99999;99999;99999;3;99999;3;99999;99999;99999;99999;99999;99999;99999;99999;99999;99999;99999;99999;99999;99999;99999;99999;99999;99999;99999;99999;99999;99999;99999;99999;99999;99999;99999;99999;99999;99999;99999
1533;99999;99999;99999;99999;99999;99999;99999;99999;99999;99999;99999;99999;99999;99999;99999;99999;99999;99999;99999;99999;99999;99999;99999;99999;99999;99999;99999;99999;99999;99999;99999;99999;99999;99999;99999;99999;3;99999;3;99999;99999;99999;99999;99999;99999;99999;99999;99999;99999;99999;99999;99999;99999;99999;99999;99999;99999;99999;99999;99999;99999;99999;99999;99999;99999;99999;99999;99999;99999
1534;99999;99999;99999;99999;99999;99999;99999;99999;99999;99999;99999;99999;99999;99999;99999;99999;99999;99999;99999;99999;99999;99999;99999;99999;99999;99999;99999;99999;99999;99999;99999;99999;99999;99999;99999;99999;99999;3;99999;3;99999;99999;99999;99999;99999;99999;99999;99999;99999;99999;99999;99999;99999;99999;99999;99999;99999;99999;99999;99999;99999;99999;99999;99999;99999;99999;99999;99999;99999
1535;99999;99999;99999;99999;99999;99999;99999;99999;99999;99999;99999;99999;99999;99999;99999;99999;99999;99999;99999;99999;99999;99999;99999;99999;99999;99999;99999;99999;99999;99999;99999;99999;99999;99999;99999;99999;99999;99999;3;99999;3;99999;99999;99999;99999;99999;99999;99999;99999;99999;99999;99999;99999;99999;99999;99999;99999;99999;99999;99999;99999;99999;99999;99999;99999;99999;99999;99999;99999
1536;99999;99999;99999;99999;99999;99999;99999;99999;99999;99999;99999;99999;99999;99999;99999;99999;99999;99999;99999;99999;99999;99999;99999;99999;99999;99999;99999;99999;99999;99999;99999;99999;99999;99999;99999;99999;99999;99999;99999;3;99999;3;99999;99999;99999;99999;99999;99999;99999;99999;99999;99999;99999;99999;99999;99999;99999;99999;99999;99999;99999;99999;99999;99999;99999;99999;99999;99999;99999
1537;99999;99999;99999;99999;99999;99999;99999;99999;99999;99999;99999;99999;99999;99999;99999;99999;99999;99999;99999;99999;99999;99999;99999;99999;99999;99999;99999;99999;99999;99999;99999;99999;99999;99999;99999;99999;99999;99999;99999;99999;3;99999;1;99999;99999;99999;99999;99999;99999;99999;99999;99999;99999;99999;99999;99999;99999;99999;99999;99999;99999;99999;99999;99999;99999;99999;99999;99999;99999
1538;99999;99999;99999;99999;99999;99999;99999;99999;99999;99999;99999;99999;99999;99999;99999;99999;99999;99999;99999;99999;99999;99999;99999;99999;99999;99999;99999;99999;99999;99999;99999;99999;99999;99999;99999;99999;99999;99999;99999;99999;99999;1;99999;5;99999;99999;99999;99999;99999;99999;99999;99999;99999;99999;99999;99999;99999;99999;99999;99999;99999;99999;99999;99999;99999;99999;99999;99999;99999
Туалет;99999;99999;99999;99999;99999;99999;99999;99999;99999;99999;99999;99999;99999;99999;99999;99999;99999;99999;99999;99999;99999;99999;99999;99999;99999;99999;99999;99999;99999;99999;99999;99999;99999;99999;99999;99999;99999;99999;99999;99999;99999;99999;5;99999;5;99999;99999;99999;99999;99999;99999;99999;99999;99999;99999;99999;99999;99999;99999;99999;99999;99999;99999;99999;99999;99999;99999;99999;99999
1539;99999;99999;99999;99999;99999;99999;99999;99999;99999;99999;99999;99999;99999;99999;99999;99999;99999;99999;99999;99999;99999;99999;99999;99999;99999;99999;99999;99999;99999;99999;99999;99999;99999;99999;99999;99999;99999;99999;99999;99999;99999;99999;99999;5;99999;5;99999;99999;99999;99999;99999;99999;99999;99999;99999;99999;99999;99999;99999;99999;99999;99999;99999;99999;99999;99999;99999;99999;99999
1540;99999;99999;99999;99999;99999;99999;99999;99999;99999;99999;99999;99999;99999;99999;99999;99999;99999;99999;99999;99999;99999;99999;99999;99999;99999;99999;99999;99999;99999;99999;99999;99999;99999;99999;99999;99999;99999;99999;99999;99999;99999;99999;99999;99999;5;99999;7;5;99999;99999;99999;99999;99999;99999;99999;99999;99999;99999;99999;99999;99999;99999;99999;99999;99999;99999;99999;99999;99999
1541;99999;99999;99999;99999;99999;99999;99999;99999;99999;99999;99999;99999;99999;99999;99999;99999;99999;99999;99999;99999;99999;99999;99999;99999;99999;99999;99999;99999;99999;99999;99999;99999;99999;99999;99999;99999;99999;99999;99999;99999;99999;99999;99999;99999;99999;7;99999;2;99999;99999;99999;99999;99999;99999;99999;99999;99999;99999;99999;99999;99999;99999;99999;99999;99999;99999;99999;99999;99999
1542;99999;99999;99999;99999;99999;99999;99999;99999;99999;99999;99999;99999;99999;99999;99999;99999;99999;99999;99999;99999;99999;99999;99999;99999;99999;99999;99999;99999;99999;99999;99999;99999;99999;99999;99999;99999;99999;99999;99999;99999;99999;99999;99999;99999;99999;99999;2;99999;1;99999;99999;99999;99999;99999;99999;99999;99999;99999;99999;99999;99999;99999;99999;99999;99999;99999;99999;99999;99999
1543;99999;99999;99999;99999;99999;99999;99999;99999;99999;99999;99999;99999;99999;99999;99999;99999;99999;99999;99999;99999;99999;99999;99999;99999;99999;99999;99999;99999;99999;99999;99999;99999;99999;99999;99999;99999;99999;99999;99999;99999;99999;99999;99999;99999;99999;99999;99999;1;99999;8;99999;99999;99999;99999;99999;99999;99999;99999;99999;99999;99999;99999;99999;99999;99999;99999;99999;99999;99999
1544;99999;99999;99999;99999;99999;99999;99999;99999;99999;99999;99999;99999;99999;99999;99999;99999;99999;99999;99999;99999;99999;99999;99999;99999;99999;99999;99999;99999;99999;99999;99999;99999;99999;99999;99999;99999;99999;99999;99999;99999;99999;99999;99999;99999;99999;99999;99999;99999;8;99999;6;99999;99999;99999;99999;99999;99999;99999;99999;99999;99999;99999;99999;99999;99999;99999;99999;99999;99999
1545;99999;99999;99999;99999;99999;99999;99999;99999;99999;99999;99999;99999;99999;99999;99999;99999;99999;99999;99999;99999;99999;99999;99999;99999;99999;99999;99999;99999;99999;99999;99999;99999;99999;99999;99999;99999;99999;99999;99999;99999;99999;99999;99999;99999;99999;99999;99999;99999;99999;6;99999;2;99999;99999;99999;99999;99999;99999;99999;99999;99999;99999;99999;99999;99999;99999;99999;99999;99999
1546;99999;99999;99999;99999;99999;99999;99999;99999;99999;99999;99999;99999;99999;99999;99999;99999;99999;99999;99999;99999;99999;99999;99999;99999;99999;99999;99999;99999;99999;99999;99999;99999;99999;99999;99999;99999;99999;99999;99999;99999;99999;99999;99999;99999;99999;99999;99999;99999;99999;99999;2;99999;3;99999;99999;99999;99999;99999;99999;99999;99999;99999;99999;99999;99999;99999;99999;99999;99999
1547;99999;99999;99999;99999;99999;99999;99999;99999;99999;99999;99999;99999;99999;99999;99999;99999;99999;99999;99999;99999;99999;99999;99999;99999;99999;99999;99999;99999;99999;99999;99999;99999;99999;99999;99999;99999;99999;99999;99999;99999;99999;99999;99999;99999;99999;99999;99999;99999;99999;99999;99999;3;99999;3;99999;99999;99999;99999;99999;99999;99999;99999;99999;99999;99999;99999;99999;99999;99999
1548;99999;99999;99999;99999;99999;99999;99999;99999;99999;99999;99999;99999;99999;99999;99999;99999;99999;99999;99999;99999;99999;99999;99999;99999;99999;99999;99999;99999;99999;99999;99999;99999;99999;99999;99999;99999;99999;99999;99999;99999;99999;99999;99999;99999;99999;99999;99999;99999;99999;99999;99999;99999;3;99999;3;99999;99999;99999;99999;99999;99999;99999;99999;99999;99999;99999;99999;99999;99999
1549;99999;99999;99999;99999;99999;99999;99999;99999;99999;99999;99999;99999;99999;99999;99999;99999;99999;99999;99999;99999;99999;99999;99999;99999;99999;99999;99999;99999;99999;99999;99999;99999;99999;99999;99999;99999;99999;99999;99999;99999;99999;99999;99999;99999;99999;99999;99999;99999;99999;99999;99999;99999;99999;3;99999;3;99999;99999;99999;99999;99999;99999;99999;99999;99999;99999;99999;99999;99999
1550;99999;99999;99999;99999;99999;99999;99999;99999;99999;99999;99999;99999;99999;99999;99999;99999;99999;99999;99999;99999;99999;99999;99999;99999;99999;99999;99999;99999;99999;99999;99999;99999;99999;99999;99999;99999;99999;99999;99999;99999;99999;99999;99999;99999;99999;99999;99999;99999;99999;99999;99999;99999;99999;99999;3;99999;3;99999;3;99999;99999;99999;99999;99999;99999;99999;99999;99999;99999
Лифт для препод.;99999;99999;99999;99999;99999;99999;99999;99999;99999;99999;99999;99999;99999;99999;99999;99999;99999;99999;99999;99999;99999;99999;99999;99999;99999;99999;99999;99999;99999;99999;99999;99999;99999;99999;99999;99999;99999;99999;99999;99999;99999;99999;99999;99999;99999;99999;99999;99999;99999;99999;99999;99999;99999;99999;99999;3;99999;99999;1;99999;99999;99999;99999;99999;99999;99999;99999;99999;99999
Гл. Лестница;99999;99999;99999;99999;99999;99999;99999;99999;99999;99999;99999;99999;99999;99999;99999;99999;99999;99999;99999;99999;99999;99999;99999;99999;99999;99999;99999;99999;99999;99999;99999;99999;99999;99999;99999;99999;99999;99999;99999;99999;99999;99999;99999;99999;99999;99999;99999;99999;99999;99999;99999;99999;99999;99999;99999;99999;99999;99999;6;2;99999;99999;99999;99999;99999;99999;99999;99999;99999
1551;99999;99999;99999;99999;99999;99999;99999;99999;99999;99999;99999;99999;99999;99999;99999;99999;99999;99999;99999;99999;99999;99999;99999;99999;99999;99999;99999;99999;99999;99999;99999;99999;99999;99999;99999;99999;99999;99999;99999;99999;99999;99999;99999;99999;99999;99999;99999;99999;99999;99999;99999;99999;99999;99999;99999;3;1;6;99999;5;99999;99999;99999;99999;99999;99999;99999;99999;99999
1552;99999;99999;99999;99999;99999;99999;99999;99999;99999;99999;99999;99999;99999;99999;99999;99999;99999;99999;99999;99999;99999;99999;99999;99999;99999;99999;99999;99999;99999;99999;99999;99999;99999;99999;99999;99999;99999;99999;99999;99999;99999;99999;99999;99999;99999;99999;99999;99999;99999;99999;99999;99999;99999;99999;99999;99999;6;2;5;99999;5;99999;99999;99999;99999;99999;99999;99999;99999
1553;99999;99999;99999;99999;99999;99999;99999;99999;99999;99999;99999;99999;99999;99999;99999;99999;99999;99999;99999;99999;99999;7;99999;99999;99999;99999;99999;99999;99999;99999;99999;99999;99999;99999;99999;99999;99999;99999;99999;99999;99999;99999;99999;99999;99999;99999;99999;99999;99999;99999;99999;99999;99999;99999;99999;99999;99999;99999;99999;5;99999;99999;99999;99999;99999;99999;99999;99999;99999
1601;99999;99999;99999;7;99999;99999;99999;99999;99999;99999;99999;99999;99999;99999;99999;99999;99999;99999;99999;99999;99999;99999;99999;99999;99999;99999;99999;99999;99999;99999;99999;99999;99999;99999;99999;99999;99999;99999;99999;99999;99999;99999;99999;99999;99999;99999;99999;99999;99999;99999;99999;99999;99999;99999;99999;99999;99999;99999;99999;99999;99999;99999;2;1;99999;99999;99999;99999;99999
1602;99999;99999;99999;99999;99999;99999;99999;99999;99999;99999;99999;99999;99999;99999;99999;99999;99999;99999;99999;99999;99999;99999;99999;99999;99999;99999;99999;99999;99999;99999;99999;99999;99999;99999;99999;99999;99999;99999;99999;99999;99999;99999;99999;99999;99999;99999;99999;99999;99999;99999;99999;99999;99999;99999;99999;99999;99999;99999;99999;99999;99999;2;99999;99999;1;99999;99999;99999;99999
1603;99999;99999;99999;99999;99999;99999;99999;99999;99999;99999;99999;99999;99999;99999;99999;99999;99999;99999;99999;99999;99999;99999;99999;99999;99999;99999;99999;99999;99999;99999;99999;99999;99999;99999;99999;99999;99999;99999;99999;99999;99999;99999;99999;99999;99999;99999;99999;99999;99999;99999;99999;99999;99999;99999;99999;99999;99999;99999;99999;99999;99999;99999;1;99999;1;99999;99999;99999;99999
1604;99999;99999;99999;99999;99999;99999;99999;99999;99999;99999;99999;99999;99999;99999;99999;99999;99999;99999;99999;99999;99999;99999;99999;99999;99999;99999;99999;99999;99999;99999;99999;99999;99999;99999;99999;99999;99999;99999;99999;99999;99999;99999;99999;99999;99999;99999;99999;99999;99999;99999;99999;99999;99999;99999;99999;99999;99999;99999;99999;99999;99999;99999;1;99999;99999;99999;1;99999;99999
1605;99999;99999;99999;99999;99999;99999;99999;99999;99999;99999;99999;99999;99999;99999;99999;99999;99999;99999;99999;99999;99999;99999;99999;99999;99999;99999;99999;99999;99999;99999;99999;99999;99999;99999;99999;99999;99999;99999;99999;99999;99999;99999;99999;99999;99999;99999;99999;99999;99999;99999;99999;99999;99999;99999;99999;99999;99999;99999;99999;99999;99999;99999;99999;1;99999;99999;99999;1;99999
1606;99999;99999;99999;99999;99999;99999;99999;99999;99999;99999;99999;99999;99999;99999;99999;99999;99999;99999;99999;99999;99999;99999;99999;99999;99999;99999;99999;99999;99999;99999;99999;99999;99999;99999;99999;99999;99999;99999;99999;99999;99999;99999;99999;99999;99999;99999;99999;99999;99999;99999;99999;99999;99999;99999;99999;99999;99999;99999;99999;99999;99999;99999;99999;99999;1;99999;99999;99999;1
1607;99999;99999;99999;99999;99999;99999;99999;99999;99999;99999;99999;99999;99999;99999;99999;99999;99999;99999;99999;99999;99999;99999;99999;99999;99999;99999;99999;99999;99999;99999;99999;99999;99999;99999;99999;99999;99999;99999;99999;99999;99999;99999;99999;99999;99999;99999;99999;99999;99999;99999;99999;99999;99999;99999;99999;99999;99999;99999;99999;99999;99999;99999;99999;99999;99999;1;99999;99999;99999
1608;99999;99999;99999;99999;99999;99999;99999;99999;99999;99999;99999;99999;99999;99999;99999;99999;99999;99999;99999;99999;99999;99999;99999;99999;99999;99999;99999;99999;99999;99999;99999;99999;99999;99999;99999;99999;99999;99999;99999;99999;99999;99999;99999;99999;99999;99999;99999;99999;99999;99999;99999;99999;99999;99999;99999;99999;99999;99999;99999;99999;99999;99999;99999;99999;99999;99999;1;99999;99999